<?xml version="1.0" ?>
<LOG_ROOT>
	<PROJECT NAME="Lab7">
		<CBX_INST_ENTRY INSTANCE_NAME="|Arbitration|Centr_arbiter:inst5|lpm_counter4:inst|lpm_counter:lpm_counter_component" CBX_FILE_NAME="cntr_ddk.tdf"/>
		<CBX_INST_ENTRY INSTANCE_NAME="|Arbitration|Centr_arbiter:inst5|lpm_counter5:inst1|lpm_counter:lpm_counter_component" CBX_FILE_NAME="cntr_kdk.tdf"/>
		<CBX_INST_ENTRY INSTANCE_NAME="|Arbitration|lpm_constant14:inst10|lpm_constant:lpm_constant_component" CBX_FILE_NAME="lpm_constant_8e6.tdf"/>
		<CBX_INST_ENTRY INSTANCE_NAME="|Arbitration|Centr_arbiter:inst5|Prioritiser:inst11|Comparator:inst3|lpm_compare17:inst2|lpm_compare:lpm_compare_component" CBX_FILE_NAME="cmpr_dig.tdf"/>
		<CBX_INST_ENTRY INSTANCE_NAME="|Arbitration|Centr_arbiter:inst5|lpm_compare12:inst17|lpm_compare:lpm_compare_component" CBX_FILE_NAME="cmpr_mni.tdf"/>
		<CBX_INST_ENTRY INSTANCE_NAME="|Arbitration|Centr_arbiter:inst5|lpm_counter6:inst2|lpm_counter:lpm_counter_component" CBX_FILE_NAME="cntr_ldk.tdf"/>
		<CBX_INST_ENTRY INSTANCE_NAME="|Arbitration|Master:inst1|lpm_compare10:inst6|lpm_compare:lpm_compare_component" CBX_FILE_NAME="cmpr_0jj.tdf"/>
		<CBX_INST_ENTRY INSTANCE_NAME="|Arbitration|Centr_arbiter:inst5|Prioritiser:inst11|Comparator:inst|lpm_compare15:inst|lpm_compare:lpm_compare_component" CBX_FILE_NAME="cmpr_dig.tdf"/>
		<CBX_INST_ENTRY INSTANCE_NAME="|Arbitration|Centr_arbiter:inst5|lpm_compare14:inst34|lpm_compare:lpm_compare_component" CBX_FILE_NAME="cmpr_g8j.tdf"/>
		<CBX_INST_ENTRY INSTANCE_NAME="|Arbitration|Master:inst2|lpm_compare10:inst6|lpm_compare:lpm_compare_component" CBX_FILE_NAME="cmpr_0jj.tdf"/>
		<CBX_INST_ENTRY INSTANCE_NAME="|Arbitration|Slave:inst6|lpm_compare21:inst1|lpm_compare:lpm_compare_component" CBX_FILE_NAME="cmpr_aig.tdf"/>
		<CBX_INST_ENTRY INSTANCE_NAME="|Arbitration|lpm_constant13:inst4|lpm_constant:lpm_constant_component" CBX_FILE_NAME="lpm_constant_6e6.tdf"/>
		<CBX_INST_ENTRY INSTANCE_NAME="|Arbitration|lpm_constant6:inst11|lpm_constant:lpm_constant_component" CBX_FILE_NAME="lpm_constant_9e6.tdf"/>
		<CBX_INST_ENTRY INSTANCE_NAME="|Arbitration|Centr_arbiter:inst5|Prioritiser:inst11|Comparator:inst1|lpm_compare15:inst|lpm_compare:lpm_compare_component" CBX_FILE_NAME="cmpr_dig.tdf"/>
		<CBX_INST_ENTRY INSTANCE_NAME="|Arbitration|Centr_arbiter:inst5|Prioritiser:inst11|Comparator:inst|lpm_compare20:inst5|lpm_compare:lpm_compare_component" CBX_FILE_NAME="cmpr_h8j.tdf"/>
		<CBX_INST_ENTRY INSTANCE_NAME="|Arbitration|Centr_arbiter:inst5|lpm_counter7:inst3|lpm_counter:lpm_counter_component" CBX_FILE_NAME="cntr_gdk.tdf"/>
		<CBX_INST_ENTRY INSTANCE_NAME="|Arbitration|Master:inst3|lpm_compare10:inst6|lpm_compare:lpm_compare_component" CBX_FILE_NAME="cmpr_0jj.tdf"/>
		<CBX_INST_ENTRY INSTANCE_NAME="|Arbitration|Master:inst|lpm_counter3:inst4|lpm_counter:lpm_counter_component" CBX_FILE_NAME="cntr_7oi.tdf"/>
		<CBX_INST_ENTRY INSTANCE_NAME="|Arbitration|Slave:inst16|lpm_compare21:inst1|lpm_compare:lpm_compare_component" CBX_FILE_NAME="cmpr_aig.tdf"/>
		<CBX_INST_ENTRY INSTANCE_NAME="|Arbitration|Slave:inst7|lpm_compare21:inst1|lpm_compare:lpm_compare_component" CBX_FILE_NAME="cmpr_aig.tdf"/>
		<CBX_INST_ENTRY INSTANCE_NAME="|Arbitration|lpm_constant15:inst12|lpm_constant:lpm_constant_component" CBX_FILE_NAME="lpm_constant_9e6.tdf"/>
		<CBX_INST_ENTRY INSTANCE_NAME="|Arbitration|Centr_arbiter:inst5|Prioritiser:inst11|Comparator:inst1|lpm_compare20:inst5|lpm_compare:lpm_compare_component" CBX_FILE_NAME="cmpr_h8j.tdf"/>
		<CBX_INST_ENTRY INSTANCE_NAME="|Arbitration|Centr_arbiter:inst5|Prioritiser:inst11|Comparator:inst2|lpm_compare15:inst|lpm_compare:lpm_compare_component" CBX_FILE_NAME="cmpr_dig.tdf"/>
		<CBX_INST_ENTRY INSTANCE_NAME="|Arbitration|Centr_arbiter:inst5|Prioritiser:inst11|Comparator:inst|lpm_compare16:inst1|lpm_compare:lpm_compare_component" CBX_FILE_NAME="cmpr_dig.tdf"/>
		<CBX_INST_ENTRY INSTANCE_NAME="|Arbitration|Master:inst1|lpm_counter3:inst4|lpm_counter:lpm_counter_component" CBX_FILE_NAME="cntr_7oi.tdf"/>
		<CBX_INST_ENTRY INSTANCE_NAME="|Arbitration|Slave:inst8|lpm_compare21:inst1|lpm_compare:lpm_compare_component" CBX_FILE_NAME="cmpr_aig.tdf"/>
		<CBX_INST_ENTRY INSTANCE_NAME="|Arbitration|Centr_arbiter:inst5|Prioritiser:inst11|Comparator:inst1|lpm_compare16:inst1|lpm_compare:lpm_compare_component" CBX_FILE_NAME="cmpr_dig.tdf"/>
		<CBX_INST_ENTRY INSTANCE_NAME="|Arbitration|Centr_arbiter:inst5|Prioritiser:inst11|Comparator:inst2|lpm_compare20:inst5|lpm_compare:lpm_compare_component" CBX_FILE_NAME="cmpr_h8j.tdf"/>
		<CBX_INST_ENTRY INSTANCE_NAME="|Arbitration|Centr_arbiter:inst5|Prioritiser:inst11|Comparator:inst3|lpm_compare15:inst|lpm_compare:lpm_compare_component" CBX_FILE_NAME="cmpr_dig.tdf"/>
		<CBX_INST_ENTRY INSTANCE_NAME="|Arbitration|Master:inst2|lpm_counter3:inst4|lpm_counter:lpm_counter_component" CBX_FILE_NAME="cntr_7oi.tdf"/>
		<CBX_INST_ENTRY INSTANCE_NAME="|Arbitration|lpm_constant16:inst13|lpm_constant:lpm_constant_component" CBX_FILE_NAME="lpm_constant_be6.tdf"/>
		<CBX_INST_ENTRY INSTANCE_NAME="|Arbitration|Centr_arbiter:inst5|Prioritiser:inst11|Comparator:inst2|lpm_compare16:inst1|lpm_compare:lpm_compare_component" CBX_FILE_NAME="cmpr_dig.tdf"/>
		<CBX_INST_ENTRY INSTANCE_NAME="|Arbitration|Centr_arbiter:inst5|Prioritiser:inst11|Comparator:inst3|lpm_compare20:inst5|lpm_compare:lpm_compare_component" CBX_FILE_NAME="cmpr_h8j.tdf"/>
		<CBX_INST_ENTRY INSTANCE_NAME="|Arbitration|Centr_arbiter:inst5|Prioritiser:inst11|Comparator:inst|lpm_compare17:inst2|lpm_compare:lpm_compare_component" CBX_FILE_NAME="cmpr_dig.tdf"/>
		<CBX_INST_ENTRY INSTANCE_NAME="|Arbitration|Master:inst3|lpm_counter3:inst4|lpm_counter:lpm_counter_component" CBX_FILE_NAME="cntr_7oi.tdf"/>
		<CBX_INST_ENTRY INSTANCE_NAME="|Arbitration|lpm_constant12:inst18|lpm_constant:lpm_constant_component" CBX_FILE_NAME="lpm_constant_8e6.tdf"/>
		<CBX_INST_ENTRY INSTANCE_NAME="|Arbitration|Centr_arbiter:inst5|Prioritiser:inst11|Comparator:inst1|lpm_compare17:inst2|lpm_compare:lpm_compare_component" CBX_FILE_NAME="cmpr_dig.tdf"/>
		<CBX_INST_ENTRY INSTANCE_NAME="|Arbitration|Centr_arbiter:inst5|Prioritiser:inst11|Comparator:inst3|lpm_compare16:inst1|lpm_compare:lpm_compare_component" CBX_FILE_NAME="cmpr_dig.tdf"/>
		<CBX_INST_ENTRY INSTANCE_NAME="|Arbitration|Centr_arbiter:inst5|lpm_compare11:inst16|lpm_compare:lpm_compare_component" CBX_FILE_NAME="cmpr_plg.tdf"/>
		<CBX_INST_ENTRY INSTANCE_NAME="|Arbitration|Centr_arbiter:inst5|lpm_counter9:inst32|lpm_counter:lpm_counter_component" CBX_FILE_NAME="cntr_olh.tdf"/>
		<CBX_INST_ENTRY INSTANCE_NAME="|Arbitration|lpm_constant4:inst9|lpm_constant:lpm_constant_component" CBX_FILE_NAME="lpm_constant_6e6.tdf"/>
		<CBX_INST_ENTRY INSTANCE_NAME="|Arbitration|lpm_constant5:inst17|lpm_constant:lpm_constant_component" CBX_FILE_NAME="lpm_constant_be6.tdf"/>
		<CBX_INST_ENTRY INSTANCE_NAME="|Arbitration|Centr_arbiter:inst5|Prioritiser:inst11|Comparator:inst2|lpm_compare17:inst2|lpm_compare:lpm_compare_component" CBX_FILE_NAME="cmpr_dig.tdf"/>
		<CBX_INST_ENTRY INSTANCE_NAME="|Arbitration|Centr_arbiter:inst5|lpm_compare13:inst33|lpm_compare:lpm_compare_component" CBX_FILE_NAME="cmpr_kni.tdf"/>
		<CBX_INST_ENTRY INSTANCE_NAME="|Arbitration|Master:inst|lpm_compare10:inst6|lpm_compare:lpm_compare_component" CBX_FILE_NAME="cmpr_0jj.tdf"/>
	</PROJECT>
</LOG_ROOT>
