<?xml version="1.0" ?>
<LOG_ROOT>
	<PROJECT NAME="Prediction">
		<CBX_INST_ENTRY INSTANCE_NAME="|Prediction|Machine_A2:inst3|lpm_decode1:inst8|lpm_decode:lpm_decode_component" CBX_FILE_NAME="decode_p7f.tdf"/>
		<CBX_INST_ENTRY INSTANCE_NAME="|Prediction|PHT:inst2|lpm_decode0:inst1|lpm_decode:lpm_decode_component" CBX_FILE_NAME="decode_e9f.tdf"/>
		<CBX_INST_ENTRY INSTANCE_NAME="|Prediction|Machine_A2:inst3|lpm_constant0:inst11|lpm_constant:lpm_constant_component" CBX_FILE_NAME="lpm_constant_4e6.tdf"/>
		<CBX_INST_ENTRY INSTANCE_NAME="|Prediction|Machine_A2:inst3|lpm_constant1:inst12|lpm_constant:lpm_constant_component" CBX_FILE_NAME="lpm_constant_5e6.tdf"/>
		<CBX_INST_ENTRY INSTANCE_NAME="|Prediction|Machine_A2:inst3|lpm_constant2:inst13|lpm_constant:lpm_constant_component" CBX_FILE_NAME="lpm_constant_6e6.tdf"/>
		<CBX_INST_ENTRY INSTANCE_NAME="|Prediction|Machine_A2:inst3|lpm_constant3:inst16|lpm_constant:lpm_constant_component" CBX_FILE_NAME="lpm_constant_7e6.tdf"/>
	</PROJECT>
</LOG_ROOT>
