<?xml version="1.0" ?>
<LOG_ROOT>
	<PROJECT NAME="Main">
		<CBX_INST_ENTRY INSTANCE_NAME="|Main|Cache:inst1|cache_mem:inst24|cache_line:inst13|lpm_compare6:inst35|lpm_compare:lpm_compare_component" CBX_FILE_NAME="cmpr_i8j.tdf"/>
		<CBX_INST_ENTRY INSTANCE_NAME="|Main|Cache:inst1|cache_mem:inst24|cache_line:inst13|lpm_mux1:inst31|lpm_mux:lpm_mux_component" CBX_FILE_NAME="mux_npc.tdf"/>
		<CBX_INST_ENTRY INSTANCE_NAME="|Main|Cache:inst1|cache_mem:inst24|cache_line:inst14|lpm_compare18:inst13|lpm_compare:lpm_compare_component" CBX_FILE_NAME="cmpr_i8j.tdf"/>
		<CBX_INST_ENTRY INSTANCE_NAME="|Main|Cache:inst1|cache_mem:inst24|cache_line:inst16|lpm_compare11:inst45|lpm_compare:lpm_compare_component" CBX_FILE_NAME="cmpr_i8j.tdf"/>
		<CBX_INST_ENTRY INSTANCE_NAME="|Main|Cache:inst1|cache_mem:inst24|lpm_counter6:inst79|lpm_counter:lpm_counter_component" CBX_FILE_NAME="cntr_4ai.tdf"/>
		<CBX_INST_ENTRY INSTANCE_NAME="|Main|Cache:inst1|cache_mem:inst24|cache_line:inst13|lpm_compare9:inst42|lpm_compare:lpm_compare_component" CBX_FILE_NAME="cmpr_i8j.tdf"/>
		<CBX_INST_ENTRY INSTANCE_NAME="|Main|Cache:inst1|cache_mem:inst24|cache_line:inst15|lpm_compare6:inst35|lpm_compare:lpm_compare_component" CBX_FILE_NAME="cmpr_i8j.tdf"/>
		<CBX_INST_ENTRY INSTANCE_NAME="|Main|Cache:inst1|cache_mem:inst24|cache_line:inst15|lpm_mux1:inst31|lpm_mux:lpm_mux_component" CBX_FILE_NAME="mux_npc.tdf"/>
		<CBX_INST_ENTRY INSTANCE_NAME="|Main|Cache:inst1|cache_mem:inst24|cache_line:inst16|lpm_compare20:inst74|lpm_compare:lpm_compare_component" CBX_FILE_NAME="cmpr_i8j.tdf"/>
		<CBX_INST_ENTRY INSTANCE_NAME="|Main|Cache:inst1|cache_mem:inst24|cache_line:inst17|lpm_compare13:inst53|lpm_compare:lpm_compare_component" CBX_FILE_NAME="cmpr_dig.tdf"/>
		<CBX_INST_ENTRY INSTANCE_NAME="|Main|Cache:inst1|cache_mem:inst24|lpm_constant2:inst71|lpm_constant:lpm_constant_component" CBX_FILE_NAME="lpm_constant_de6.tdf"/>
		<CBX_INST_ENTRY INSTANCE_NAME="|Main|Cache:inst1|cache_mem:inst24|cache_line:inst11|lpm_compare8:inst38|lpm_compare:lpm_compare_component" CBX_FILE_NAME="cmpr_i8j.tdf"/>
		<CBX_INST_ENTRY INSTANCE_NAME="|Main|Cache:inst1|cache_mem:inst24|cache_line:inst12|lpm_compare5:inst49|lpm_compare:lpm_compare_component" CBX_FILE_NAME="cmpr_mni.tdf"/>
		<CBX_INST_ENTRY INSTANCE_NAME="|Main|Cache:inst1|cache_mem:inst24|cache_line:inst15|lpm_compare12:inst48|lpm_compare:lpm_compare_component" CBX_FILE_NAME="cmpr_i8j.tdf"/>
		<CBX_INST_ENTRY INSTANCE_NAME="|Main|Cache:inst1|cache_mem:inst24|cache_line:inst15|lpm_compare21:inst75|lpm_compare:lpm_compare_component" CBX_FILE_NAME="cmpr_i8j.tdf"/>
		<CBX_INST_ENTRY INSTANCE_NAME="|Main|Cache:inst1|cache_mem:inst24|cache_line:inst15|lpm_compare9:inst42|lpm_compare:lpm_compare_component" CBX_FILE_NAME="cmpr_i8j.tdf"/>
		<CBX_INST_ENTRY INSTANCE_NAME="|Main|Cache:inst1|cache_mem:inst24|cache_line:inst14|lpm_compare22:inst76|lpm_compare:lpm_compare_component" CBX_FILE_NAME="cmpr_i8j.tdf"/>
		<CBX_INST_ENTRY INSTANCE_NAME="|Main|Cache:inst1|cache_mem:inst24|cache_line:inst17|lpm_compare6:inst35|lpm_compare:lpm_compare_component" CBX_FILE_NAME="cmpr_i8j.tdf"/>
		<CBX_INST_ENTRY INSTANCE_NAME="|Main|Cache:inst1|cache_mem:inst24|cache_line:inst17|lpm_mux1:inst31|lpm_mux:lpm_mux_component" CBX_FILE_NAME="mux_npc.tdf"/>
		<CBX_INST_ENTRY INSTANCE_NAME="|Main|Cache:inst1|cache_mem:inst24|cache_line:inst18|lpm_compare18:inst13|lpm_compare:lpm_compare_component" CBX_FILE_NAME="cmpr_i8j.tdf"/>
		<CBX_INST_ENTRY INSTANCE_NAME="|Main|Cache:inst1|cache_mem:inst24|cache_line:inst12|lpm_compare1:inst12|lpm_compare:lpm_compare_component" CBX_FILE_NAME="cmpr_dig.tdf"/>
		<CBX_INST_ENTRY INSTANCE_NAME="|Main|Cache:inst1|cache_mem:inst24|cache_line:inst13|lpm_compare23:inst77|lpm_compare:lpm_compare_component" CBX_FILE_NAME="cmpr_i8j.tdf"/>
		<CBX_INST_ENTRY INSTANCE_NAME="|Main|Cache:inst1|cache_mem:inst24|cache_line:inst13|lpm_compare8:inst38|lpm_compare:lpm_compare_component" CBX_FILE_NAME="cmpr_i8j.tdf"/>
		<CBX_INST_ENTRY INSTANCE_NAME="|Main|Cache:inst1|cache_mem:inst24|cache_line:inst14|lpm_compare5:inst49|lpm_compare:lpm_compare_component" CBX_FILE_NAME="cmpr_mni.tdf"/>
		<CBX_INST_ENTRY INSTANCE_NAME="|Main|Cache:inst1|cache_mem:inst24|cache_line:inst17|lpm_compare9:inst42|lpm_compare:lpm_compare_component" CBX_FILE_NAME="cmpr_i8j.tdf"/>
		<CBX_INST_ENTRY INSTANCE_NAME="|Main|Cache:inst1|cache_mem:inst24|cache_line:inst12|lpm_compare10:inst40|lpm_compare:lpm_compare_component" CBX_FILE_NAME="cmpr_i8j.tdf"/>
		<CBX_INST_ENTRY INSTANCE_NAME="|Main|Cache:inst1|cache_mem:inst24|cache_line:inst12|lpm_compare24:inst78|lpm_compare:lpm_compare_component" CBX_FILE_NAME="cmpr_i8j.tdf"/>
		<CBX_INST_ENTRY INSTANCE_NAME="|Main|Cache:inst1|cache_mem:inst24|cache_line:inst13|lpm_compare19:inst73|lpm_compare:lpm_compare_component" CBX_FILE_NAME="cmpr_i8j.tdf"/>
		<CBX_INST_ENTRY INSTANCE_NAME="|Main|Cache:inst1|cache_mem:inst24|lpm_counter5:inst70|lpm_counter:lpm_counter_component" CBX_FILE_NAME="cntr_0oj.tdf"/>
		<CBX_INST_ENTRY INSTANCE_NAME="|Main|Cache:inst1|cache_mem:inst24|cache_line:inst11|lpm_compare25:inst79|lpm_compare:lpm_compare_component" CBX_FILE_NAME="cmpr_i8j.tdf"/>
		<CBX_INST_ENTRY INSTANCE_NAME="|Main|Cache:inst1|cache_mem:inst24|cache_line:inst14|lpm_compare1:inst12|lpm_compare:lpm_compare_component" CBX_FILE_NAME="cmpr_dig.tdf"/>
		<CBX_INST_ENTRY INSTANCE_NAME="|Main|Cache:inst1|cache_mem:inst24|cache_line:inst15|lpm_compare8:inst38|lpm_compare:lpm_compare_component" CBX_FILE_NAME="cmpr_i8j.tdf"/>
		<CBX_INST_ENTRY INSTANCE_NAME="|Main|Cache:inst1|cache_mem:inst24|cache_line:inst16|lpm_compare5:inst49|lpm_compare:lpm_compare_component" CBX_FILE_NAME="cmpr_mni.tdf"/>
		<CBX_INST_ENTRY INSTANCE_NAME="|Main|Cache:inst1|cache_mem:inst24|cache_line:inst18|lpm_compare22:inst76|lpm_compare:lpm_compare_component" CBX_FILE_NAME="cmpr_i8j.tdf"/>
		<CBX_INST_ENTRY INSTANCE_NAME="|Main|Cache:inst1|cache_mem:inst24|lpm_counter8:inst60|lpm_counter:lpm_counter_component" CBX_FILE_NAME="cntr_0qi.tdf"/>
		<CBX_INST_ENTRY INSTANCE_NAME="|Main|Cache:inst1|cache_mem:inst24|cache_line:inst16|lpm_compare1:inst12|lpm_compare:lpm_compare_component" CBX_FILE_NAME="cmpr_dig.tdf"/>
		<CBX_INST_ENTRY INSTANCE_NAME="|Main|Cache:inst1|cache_mem:inst24|cache_line:inst17|lpm_compare23:inst77|lpm_compare:lpm_compare_component" CBX_FILE_NAME="cmpr_i8j.tdf"/>
		<CBX_INST_ENTRY INSTANCE_NAME="|Main|Cache:inst1|cache_mem:inst24|cache_line:inst17|lpm_compare8:inst38|lpm_compare:lpm_compare_component" CBX_FILE_NAME="cmpr_i8j.tdf"/>
		<CBX_INST_ENTRY INSTANCE_NAME="|Main|Cache:inst1|cache_mem:inst24|cache_line:inst18|lpm_compare5:inst49|lpm_compare:lpm_compare_component" CBX_FILE_NAME="cmpr_mni.tdf"/>
		<CBX_INST_ENTRY INSTANCE_NAME="|Main|Cache:inst1|cache_mem:inst24|cache_line:inst16|lpm_compare10:inst40|lpm_compare:lpm_compare_component" CBX_FILE_NAME="cmpr_i8j.tdf"/>
		<CBX_INST_ENTRY INSTANCE_NAME="|Main|Cache:inst1|cache_mem:inst24|cache_line:inst16|lpm_compare24:inst78|lpm_compare:lpm_compare_component" CBX_FILE_NAME="cmpr_i8j.tdf"/>
		<CBX_INST_ENTRY INSTANCE_NAME="|Main|Cache:inst1|cache_mem:inst24|cache_line:inst17|lpm_compare19:inst73|lpm_compare:lpm_compare_component" CBX_FILE_NAME="cmpr_i8j.tdf"/>
		<CBX_INST_ENTRY INSTANCE_NAME="|Main|Cache:inst1|cache_mem:inst24|lpm_compare24:inst104|lpm_compare:lpm_compare_component" CBX_FILE_NAME="cmpr_i8j.tdf"/>
		<CBX_INST_ENTRY INSTANCE_NAME="|Main|Cache:inst1|cache_mem:inst24|cache_line:inst11|lpm_compare11:inst45|lpm_compare:lpm_compare_component" CBX_FILE_NAME="cmpr_i8j.tdf"/>
		<CBX_INST_ENTRY INSTANCE_NAME="|Main|Cache:inst1|cache_mem:inst24|cache_line:inst15|lpm_compare25:inst79|lpm_compare:lpm_compare_component" CBX_FILE_NAME="cmpr_i8j.tdf"/>
		<CBX_INST_ENTRY INSTANCE_NAME="|Main|Cache:inst1|cache_mem:inst24|cache_line:inst18|lpm_compare1:inst12|lpm_compare:lpm_compare_component" CBX_FILE_NAME="cmpr_dig.tdf"/>
		<CBX_INST_ENTRY INSTANCE_NAME="|Main|Cache:inst1|cache_mem:inst24|lpm_constant6:inst76|lpm_constant:lpm_constant_component" CBX_FILE_NAME="lpm_constant_9e6.tdf"/>
		<CBX_INST_ENTRY INSTANCE_NAME="|Main|Cache:inst1|lpm_compare0:inst9|lpm_compare:lpm_compare_component" CBX_FILE_NAME="cmpr_dig.tdf"/>
		<CBX_INST_ENTRY INSTANCE_NAME="|Main|Cache:inst1|cache_mem:inst24|cache_line:inst11|lpm_compare20:inst74|lpm_compare:lpm_compare_component" CBX_FILE_NAME="cmpr_i8j.tdf"/>
		<CBX_INST_ENTRY INSTANCE_NAME="|Main|Cache:inst1|cache_mem:inst24|cache_line:inst12|lpm_compare13:inst53|lpm_compare:lpm_compare_component" CBX_FILE_NAME="cmpr_dig.tdf"/>
		<CBX_INST_ENTRY INSTANCE_NAME="|Main|Cache:inst1|cache_mem:inst24|lpm_compare4:inst83|lpm_compare:lpm_compare_component" CBX_FILE_NAME="cmpr_g8j.tdf"/>
		<CBX_INST_ENTRY INSTANCE_NAME="|Main|Cache:inst1|cache_mem:inst24|cache_line:inst13|lpm_compare18:inst13|lpm_compare:lpm_compare_component" CBX_FILE_NAME="cmpr_i8j.tdf"/>
		<CBX_INST_ENTRY INSTANCE_NAME="|Main|Cache:inst1|cache_mem:inst24|cache_line:inst15|lpm_compare11:inst45|lpm_compare:lpm_compare_component" CBX_FILE_NAME="cmpr_i8j.tdf"/>
		<CBX_INST_ENTRY INSTANCE_NAME="|Main|Cache:inst1|cache_mem:inst24|lpm_constant0:inst61|lpm_constant:lpm_constant_component" CBX_FILE_NAME="lpm_constant_ik6.tdf"/>
		<CBX_INST_ENTRY INSTANCE_NAME="|Main|Cache:inst1|cache_mem:inst24|cache_line:inst11|lpm_compare7:inst37|lpm_compare:lpm_compare_component" CBX_FILE_NAME="cmpr_i8j.tdf"/>
		<CBX_INST_ENTRY INSTANCE_NAME="|Main|Cache:inst1|cache_mem:inst24|cache_line:inst15|lpm_compare20:inst74|lpm_compare:lpm_compare_component" CBX_FILE_NAME="cmpr_i8j.tdf"/>
		<CBX_INST_ENTRY INSTANCE_NAME="|Main|Cache:inst1|cache_mem:inst24|cache_line:inst16|lpm_compare13:inst53|lpm_compare:lpm_compare_component" CBX_FILE_NAME="cmpr_dig.tdf"/>
		<CBX_INST_ENTRY INSTANCE_NAME="|Main|Cache:inst1|cache_mem:inst24|cache_line:inst14|lpm_compare12:inst48|lpm_compare:lpm_compare_component" CBX_FILE_NAME="cmpr_i8j.tdf"/>
		<CBX_INST_ENTRY INSTANCE_NAME="|Main|Cache:inst1|cache_mem:inst24|cache_line:inst14|lpm_compare21:inst75|lpm_compare:lpm_compare_component" CBX_FILE_NAME="cmpr_i8j.tdf"/>
		<CBX_INST_ENTRY INSTANCE_NAME="|Main|Cache:inst1|cache_mem:inst24|lpm_compare24:inst85|lpm_compare:lpm_compare_component" CBX_FILE_NAME="cmpr_i8j.tdf"/>
		<CBX_INST_ENTRY INSTANCE_NAME="|Main|Cache:inst1|cache_mem:inst24|cache_line:inst13|lpm_compare22:inst76|lpm_compare:lpm_compare_component" CBX_FILE_NAME="cmpr_i8j.tdf"/>
		<CBX_INST_ENTRY INSTANCE_NAME="|Main|Cache:inst1|cache_mem:inst24|cache_line:inst13|lpm_compare7:inst37|lpm_compare:lpm_compare_component" CBX_FILE_NAME="cmpr_i8j.tdf"/>
		<CBX_INST_ENTRY INSTANCE_NAME="|Main|Cache:inst1|cache_mem:inst24|cache_line:inst17|lpm_compare18:inst13|lpm_compare:lpm_compare_component" CBX_FILE_NAME="cmpr_i8j.tdf"/>
		<CBX_INST_ENTRY INSTANCE_NAME="|Main|Cache:inst1|cache_mem:inst24|lpm_compare0:inst31|lpm_compare:lpm_compare_component" CBX_FILE_NAME="cmpr_dig.tdf"/>
		<CBX_INST_ENTRY INSTANCE_NAME="|Main|Cache:inst1|cache_mem:inst24|cache_line:inst12|lpm_compare23:inst77|lpm_compare:lpm_compare_component" CBX_FILE_NAME="cmpr_i8j.tdf"/>
		<CBX_INST_ENTRY INSTANCE_NAME="|Main|Cache:inst1|lpm_compare0:inst10|lpm_compare:lpm_compare_component" CBX_FILE_NAME="cmpr_dig.tdf"/>
		<CBX_INST_ENTRY INSTANCE_NAME="|Main|Cache:inst1|cache_mem:inst24|cache_line:inst11|lpm_compare10:inst40|lpm_compare:lpm_compare_component" CBX_FILE_NAME="cmpr_i8j.tdf"/>
		<CBX_INST_ENTRY INSTANCE_NAME="|Main|Cache:inst1|cache_mem:inst24|cache_line:inst11|lpm_compare24:inst78|lpm_compare:lpm_compare_component" CBX_FILE_NAME="cmpr_i8j.tdf"/>
		<CBX_INST_ENTRY INSTANCE_NAME="|Main|Cache:inst1|cache_mem:inst24|cache_line:inst12|lpm_compare19:inst73|lpm_compare:lpm_compare_component" CBX_FILE_NAME="cmpr_i8j.tdf"/>
		<CBX_INST_ENTRY INSTANCE_NAME="|Main|Cache:inst1|cache_mem:inst24|cache_line:inst15|lpm_compare22:inst76|lpm_compare:lpm_compare_component" CBX_FILE_NAME="cmpr_i8j.tdf"/>
		<CBX_INST_ENTRY INSTANCE_NAME="|Main|Cache:inst1|cache_mem:inst24|cache_line:inst15|lpm_compare7:inst37|lpm_compare:lpm_compare_component" CBX_FILE_NAME="cmpr_i8j.tdf"/>
		<CBX_INST_ENTRY INSTANCE_NAME="|Main|Cache:inst1|cache_mem:inst24|lpm_compare24:inst88|lpm_compare:lpm_compare_component" CBX_FILE_NAME="cmpr_i8j.tdf"/>
		<CBX_INST_ENTRY INSTANCE_NAME="|Main|Cache:inst1|lpm_compare0:inst11|lpm_compare:lpm_compare_component" CBX_FILE_NAME="cmpr_dig.tdf"/>
		<CBX_INST_ENTRY INSTANCE_NAME="|Main|Cache:inst1|cache_mem:inst24|cache_line:inst14|lpm_compare23:inst77|lpm_compare:lpm_compare_component" CBX_FILE_NAME="cmpr_i8j.tdf"/>
		<CBX_INST_ENTRY INSTANCE_NAME="|Main|Cache:inst1|cache_mem:inst24|cache_line:inst16|lpm_compare7:inst37|lpm_compare:lpm_compare_component" CBX_FILE_NAME="cmpr_i8j.tdf"/>
		<CBX_INST_ENTRY INSTANCE_NAME="|Main|Cache:inst1|cache_mem:inst24|cache_line:inst18|lpm_compare12:inst48|lpm_compare:lpm_compare_component" CBX_FILE_NAME="cmpr_i8j.tdf"/>
		<CBX_INST_ENTRY INSTANCE_NAME="|Main|Cache:inst1|cache_mem:inst24|cache_line:inst18|lpm_compare21:inst75|lpm_compare:lpm_compare_component" CBX_FILE_NAME="cmpr_i8j.tdf"/>
		<CBX_INST_ENTRY INSTANCE_NAME="|Main|Cache:inst1|cache_mem:inst24|lpm_compare24:inst89|lpm_compare:lpm_compare_component" CBX_FILE_NAME="cmpr_i8j.tdf"/>
		<CBX_INST_ENTRY INSTANCE_NAME="|Main|Cache:inst1|lpm_compare0:inst12|lpm_compare:lpm_compare_component" CBX_FILE_NAME="cmpr_dig.tdf"/>
		<CBX_INST_ENTRY INSTANCE_NAME="|Main|Cache:inst1|lpm_decode5:inst25|lpm_decode:lpm_decode_component" CBX_FILE_NAME="decode_j9f.tdf"/>
		<CBX_INST_ENTRY INSTANCE_NAME="|Main|Cache:inst1|cache_mem:inst24|cache_line:inst13|lpm_compare10:inst40|lpm_compare:lpm_compare_component" CBX_FILE_NAME="cmpr_i8j.tdf"/>
		<CBX_INST_ENTRY INSTANCE_NAME="|Main|Cache:inst1|cache_mem:inst24|cache_line:inst13|lpm_compare24:inst78|lpm_compare:lpm_compare_component" CBX_FILE_NAME="cmpr_i8j.tdf"/>
		<CBX_INST_ENTRY INSTANCE_NAME="|Main|Cache:inst1|cache_mem:inst24|cache_line:inst14|lpm_compare19:inst73|lpm_compare:lpm_compare_component" CBX_FILE_NAME="cmpr_i8j.tdf"/>
		<CBX_INST_ENTRY INSTANCE_NAME="|Main|Cache:inst1|cache_mem:inst24|cache_line:inst17|lpm_compare22:inst76|lpm_compare:lpm_compare_component" CBX_FILE_NAME="cmpr_i8j.tdf"/>
		<CBX_INST_ENTRY INSTANCE_NAME="|Main|Cache:inst1|cache_mem:inst24|cache_line:inst17|lpm_compare7:inst37|lpm_compare:lpm_compare_component" CBX_FILE_NAME="cmpr_i8j.tdf"/>
		<CBX_INST_ENTRY INSTANCE_NAME="|Main|Cache:inst1|lpm_compare0:inst13|lpm_compare:lpm_compare_component" CBX_FILE_NAME="cmpr_dig.tdf"/>
		<CBX_INST_ENTRY INSTANCE_NAME="|Main|Cache:inst1|lpm_constant0:inst47|lpm_constant:lpm_constant_component" CBX_FILE_NAME="lpm_constant_ik6.tdf"/>
		<CBX_INST_ENTRY INSTANCE_NAME="|Main|Cache:inst1|cache_mem:inst24|cache_line:inst12|lpm_compare25:inst79|lpm_compare:lpm_compare_component" CBX_FILE_NAME="cmpr_i8j.tdf"/>
		<CBX_INST_ENTRY INSTANCE_NAME="|Main|Cache:inst1|cache_mem:inst24|cache_line:inst16|lpm_compare23:inst77|lpm_compare:lpm_compare_component" CBX_FILE_NAME="cmpr_i8j.tdf"/>
		<CBX_INST_ENTRY INSTANCE_NAME="|Main|Cache:inst1|cache_mem:inst24|cache_line:inst18|lpm_compare7:inst37|lpm_compare:lpm_compare_component" CBX_FILE_NAME="cmpr_i8j.tdf"/>
		<CBX_INST_ENTRY INSTANCE_NAME="|Main|Cache:inst1|cache_mem:inst24|lpm_add_sub0:inst62|lpm_add_sub:lpm_add_sub_component" CBX_FILE_NAME="add_sub_nmh.tdf"/>
		<CBX_INST_ENTRY INSTANCE_NAME="|Main|Cache:inst1|lpm_compare0:inst14|lpm_compare:lpm_compare_component" CBX_FILE_NAME="cmpr_dig.tdf"/>
		<CBX_INST_ENTRY INSTANCE_NAME="|Main|Cache:inst1|lpm_counter1:inst45|lpm_counter:lpm_counter_component" CBX_FILE_NAME="cntr_2mi.tdf"/>
		<CBX_INST_ENTRY INSTANCE_NAME="|Main|Cache:inst1|cache_mem:inst24|cache_line:inst15|lpm_compare10:inst40|lpm_compare:lpm_compare_component" CBX_FILE_NAME="cmpr_i8j.tdf"/>
		<CBX_INST_ENTRY INSTANCE_NAME="|Main|Cache:inst1|cache_mem:inst24|cache_line:inst15|lpm_compare24:inst78|lpm_compare:lpm_compare_component" CBX_FILE_NAME="cmpr_i8j.tdf"/>
		<CBX_INST_ENTRY INSTANCE_NAME="|Main|Cache:inst1|cache_mem:inst24|cache_line:inst16|lpm_compare19:inst73|lpm_compare:lpm_compare_component" CBX_FILE_NAME="cmpr_i8j.tdf"/>
		<CBX_INST_ENTRY INSTANCE_NAME="|Main|Cache:inst1|cache_mem:inst24|lpm_constant5:inst75|lpm_constant:lpm_constant_component" CBX_FILE_NAME="lpm_constant_ae6.tdf"/>
		<CBX_INST_ENTRY INSTANCE_NAME="|Main|Cache:inst1|cache_mem:inst24|lpm_counter5:inst64|lpm_counter:lpm_counter_component" CBX_FILE_NAME="cntr_0oj.tdf"/>
		<CBX_INST_ENTRY INSTANCE_NAME="|Main|Cache:inst1|lpm_compare0:inst15|lpm_compare:lpm_compare_component" CBX_FILE_NAME="cmpr_dig.tdf"/>
		<CBX_INST_ENTRY INSTANCE_NAME="|Main|Cache:inst1|lpm_counter10:inst28|lpm_counter:lpm_counter_component" CBX_FILE_NAME="cntr_aoi.tdf"/>
		<CBX_INST_ENTRY INSTANCE_NAME="|Main|Cache:inst1|cache_mem:inst24|cache_line:inst14|lpm_compare25:inst79|lpm_compare:lpm_compare_component" CBX_FILE_NAME="cmpr_i8j.tdf"/>
		<CBX_INST_ENTRY INSTANCE_NAME="|Main|Cache:inst1|cache_mem:inst24|cache_line:inst18|lpm_compare23:inst77|lpm_compare:lpm_compare_component" CBX_FILE_NAME="cmpr_i8j.tdf"/>
		<CBX_INST_ENTRY INSTANCE_NAME="|Main|Cache:inst1|cache_mem:inst24|lpm_counter5:inst65|lpm_counter:lpm_counter_component" CBX_FILE_NAME="cntr_0oj.tdf"/>
		<CBX_INST_ENTRY INSTANCE_NAME="|Main|Cache:inst1|cache_mem:inst24|cache_line:inst17|lpm_compare10:inst40|lpm_compare:lpm_compare_component" CBX_FILE_NAME="cmpr_i8j.tdf"/>
		<CBX_INST_ENTRY INSTANCE_NAME="|Main|Cache:inst1|cache_mem:inst24|cache_line:inst17|lpm_compare24:inst78|lpm_compare:lpm_compare_component" CBX_FILE_NAME="cmpr_i8j.tdf"/>
		<CBX_INST_ENTRY INSTANCE_NAME="|Main|Cache:inst1|cache_mem:inst24|cache_line:inst18|lpm_compare19:inst73|lpm_compare:lpm_compare_component" CBX_FILE_NAME="cmpr_i8j.tdf"/>
		<CBX_INST_ENTRY INSTANCE_NAME="|Main|Cache:inst1|cache_mem:inst24|lpm_compare14:inst52|lpm_compare:lpm_compare_component" CBX_FILE_NAME="cmpr_i8j.tdf"/>
		<CBX_INST_ENTRY INSTANCE_NAME="|Main|Cache:inst1|cache_mem:inst24|lpm_compare3:inst81|lpm_compare:lpm_compare_component" CBX_FILE_NAME="cmpr_g8j.tdf"/>
		<CBX_INST_ENTRY INSTANCE_NAME="|Main|Cache:inst1|cache_mem:inst24|lpm_counter5:inst66|lpm_counter:lpm_counter_component" CBX_FILE_NAME="cntr_0oj.tdf"/>
		<CBX_INST_ENTRY INSTANCE_NAME="|Main|Cache:inst1|cache_mem:inst24|cache_line:inst11|lpm_compare13:inst53|lpm_compare:lpm_compare_component" CBX_FILE_NAME="cmpr_dig.tdf"/>
		<CBX_INST_ENTRY INSTANCE_NAME="|Main|Cache:inst1|cache_mem:inst24|cache_line:inst12|lpm_compare11:inst45|lpm_compare:lpm_compare_component" CBX_FILE_NAME="cmpr_i8j.tdf"/>
		<CBX_INST_ENTRY INSTANCE_NAME="|Main|Cache:inst1|cache_mem:inst24|cache_line:inst16|lpm_compare25:inst79|lpm_compare:lpm_compare_component" CBX_FILE_NAME="cmpr_i8j.tdf"/>
		<CBX_INST_ENTRY INSTANCE_NAME="|Main|Cache:inst1|cache_mem:inst24|lpm_counter5:inst67|lpm_counter:lpm_counter_component" CBX_FILE_NAME="cntr_0oj.tdf"/>
		<CBX_INST_ENTRY INSTANCE_NAME="|Main|Cache:inst1|lpm_decode5:inst49|lpm_decode:lpm_decode_component" CBX_FILE_NAME="decode_j9f.tdf"/>
		<CBX_INST_ENTRY INSTANCE_NAME="|Main|RAM:inst|lpm_ram_dq2:inst10|altsyncram:altsyncram_component" CBX_FILE_NAME="altsyncram_94b1.tdf"/>
		<CBX_INST_ENTRY INSTANCE_NAME="|Main|Cache:inst1|cache_mem:inst24|lpm_compare26:inst33|lpm_compare:lpm_compare_component" CBX_FILE_NAME="cmpr_v9j.tdf"/>
		<CBX_INST_ENTRY INSTANCE_NAME="|Main|Cache:inst1|cache_mem:inst24|lpm_constant7:inst77|lpm_constant:lpm_constant_component" CBX_FILE_NAME="lpm_constant_8e6.tdf"/>
		<CBX_INST_ENTRY INSTANCE_NAME="|Main|Cache:inst1|cache_mem:inst24|lpm_counter5:inst68|lpm_counter:lpm_counter_component" CBX_FILE_NAME="cntr_0oj.tdf"/>
		<CBX_INST_ENTRY INSTANCE_NAME="|Main|RAM:inst|lpm_compare27:inst6|lpm_compare:lpm_compare_component" CBX_FILE_NAME="cmpr_qbj.tdf"/>
		<CBX_INST_ENTRY INSTANCE_NAME="|Main|RAM:inst|lpm_counter12:inst1|lpm_counter:lpm_counter_component" CBX_FILE_NAME="cntr_t3i.tdf"/>
		<CBX_INST_ENTRY INSTANCE_NAME="|Main|Cache:inst1|cache_mem:inst24|cache_line:inst11|lpm_compare6:inst35|lpm_compare:lpm_compare_component" CBX_FILE_NAME="cmpr_i8j.tdf"/>
		<CBX_INST_ENTRY INSTANCE_NAME="|Main|Cache:inst1|cache_mem:inst24|cache_line:inst11|lpm_mux1:inst31|lpm_mux:lpm_mux_component" CBX_FILE_NAME="mux_npc.tdf"/>
		<CBX_INST_ENTRY INSTANCE_NAME="|Main|Cache:inst1|cache_mem:inst24|cache_line:inst12|lpm_compare18:inst13|lpm_compare:lpm_compare_component" CBX_FILE_NAME="cmpr_i8j.tdf"/>
		<CBX_INST_ENTRY INSTANCE_NAME="|Main|Cache:inst1|cache_mem:inst24|cache_line:inst12|lpm_compare20:inst74|lpm_compare:lpm_compare_component" CBX_FILE_NAME="cmpr_i8j.tdf"/>
		<CBX_INST_ENTRY INSTANCE_NAME="|Main|Cache:inst1|cache_mem:inst24|cache_line:inst13|lpm_compare13:inst53|lpm_compare:lpm_compare_component" CBX_FILE_NAME="cmpr_dig.tdf"/>
		<CBX_INST_ENTRY INSTANCE_NAME="|Main|Cache:inst1|cache_mem:inst24|cache_line:inst14|lpm_compare11:inst45|lpm_compare:lpm_compare_component" CBX_FILE_NAME="cmpr_i8j.tdf"/>
		<CBX_INST_ENTRY INSTANCE_NAME="|Main|Cache:inst1|cache_mem:inst24|cache_line:inst18|lpm_compare25:inst79|lpm_compare:lpm_compare_component" CBX_FILE_NAME="cmpr_i8j.tdf"/>
		<CBX_INST_ENTRY INSTANCE_NAME="|Main|Cache:inst1|cache_mem:inst24|lpm_compare24:inst90|lpm_compare:lpm_compare_component" CBX_FILE_NAME="cmpr_i8j.tdf"/>
		<CBX_INST_ENTRY INSTANCE_NAME="|Main|Cache:inst1|cache_mem:inst24|lpm_counter5:inst69|lpm_counter:lpm_counter_component" CBX_FILE_NAME="cntr_0oj.tdf"/>
		<CBX_INST_ENTRY INSTANCE_NAME="|Main|Cache:inst1|cache_mem:inst24|cache_line:inst11|lpm_compare12:inst48|lpm_compare:lpm_compare_component" CBX_FILE_NAME="cmpr_i8j.tdf"/>
		<CBX_INST_ENTRY INSTANCE_NAME="|Main|Cache:inst1|cache_mem:inst24|cache_line:inst11|lpm_compare21:inst75|lpm_compare:lpm_compare_component" CBX_FILE_NAME="cmpr_i8j.tdf"/>
		<CBX_INST_ENTRY INSTANCE_NAME="|Main|Cache:inst1|cache_mem:inst24|cache_line:inst11|lpm_compare9:inst42|lpm_compare:lpm_compare_component" CBX_FILE_NAME="cmpr_i8j.tdf"/>
		<CBX_INST_ENTRY INSTANCE_NAME="|Main|Cache:inst1|cache_mem:inst24|cache_line:inst12|lpm_compare6:inst35|lpm_compare:lpm_compare_component" CBX_FILE_NAME="cmpr_i8j.tdf"/>
		<CBX_INST_ENTRY INSTANCE_NAME="|Main|Cache:inst1|cache_mem:inst24|cache_line:inst12|lpm_mux1:inst31|lpm_mux:lpm_mux_component" CBX_FILE_NAME="mux_npc.tdf"/>
		<CBX_INST_ENTRY INSTANCE_NAME="|Main|Cache:inst1|cache_mem:inst24|lpm_compare0:inst|lpm_compare:lpm_compare_component" CBX_FILE_NAME="cmpr_dig.tdf"/>
		<CBX_INST_ENTRY INSTANCE_NAME="|Main|Cache:inst1|cache_mem:inst24|lpm_compare24:inst91|lpm_compare:lpm_compare_component" CBX_FILE_NAME="cmpr_i8j.tdf"/>
		<CBX_INST_ENTRY INSTANCE_NAME="|Main|RAM:inst|lpm_compare28:inst7|lpm_compare:lpm_compare_component" CBX_FILE_NAME="cmpr_j8j.tdf"/>
		<CBX_INST_ENTRY INSTANCE_NAME="|Main|Cache:inst1|cache_mem:inst24|cache_line:inst12|lpm_compare9:inst42|lpm_compare:lpm_compare_component" CBX_FILE_NAME="cmpr_i8j.tdf"/>
		<CBX_INST_ENTRY INSTANCE_NAME="|Main|Cache:inst1|cache_mem:inst24|cache_line:inst14|lpm_compare20:inst74|lpm_compare:lpm_compare_component" CBX_FILE_NAME="cmpr_i8j.tdf"/>
		<CBX_INST_ENTRY INSTANCE_NAME="|Main|Cache:inst1|cache_mem:inst24|cache_line:inst15|lpm_compare13:inst53|lpm_compare:lpm_compare_component" CBX_FILE_NAME="cmpr_dig.tdf"/>
		<CBX_INST_ENTRY INSTANCE_NAME="|Main|Cache:inst1|cache_mem:inst24|cache_line:inst13|lpm_compare12:inst48|lpm_compare:lpm_compare_component" CBX_FILE_NAME="cmpr_i8j.tdf"/>
		<CBX_INST_ENTRY INSTANCE_NAME="|Main|Cache:inst1|cache_mem:inst24|cache_line:inst13|lpm_compare21:inst75|lpm_compare:lpm_compare_component" CBX_FILE_NAME="cmpr_i8j.tdf"/>
		<CBX_INST_ENTRY INSTANCE_NAME="|Main|Cache:inst1|cache_mem:inst24|cache_line:inst14|lpm_compare6:inst35|lpm_compare:lpm_compare_component" CBX_FILE_NAME="cmpr_i8j.tdf"/>
		<CBX_INST_ENTRY INSTANCE_NAME="|Main|Cache:inst1|cache_mem:inst24|cache_line:inst14|lpm_mux1:inst31|lpm_mux:lpm_mux_component" CBX_FILE_NAME="mux_npc.tdf"/>
		<CBX_INST_ENTRY INSTANCE_NAME="|Main|Cache:inst1|cache_mem:inst24|lpm_compare0:inst2|lpm_compare:lpm_compare_component" CBX_FILE_NAME="cmpr_dig.tdf"/>
		<CBX_INST_ENTRY INSTANCE_NAME="|Main|Cache:inst1|cache_mem:inst24|cache_line:inst11|lpm_compare5:inst49|lpm_compare:lpm_compare_component" CBX_FILE_NAME="cmpr_mni.tdf"/>
		<CBX_INST_ENTRY INSTANCE_NAME="|Main|Cache:inst1|cache_mem:inst24|cache_line:inst12|lpm_compare22:inst76|lpm_compare:lpm_compare_component" CBX_FILE_NAME="cmpr_i8j.tdf"/>
		<CBX_INST_ENTRY INSTANCE_NAME="|Main|Cache:inst1|cache_mem:inst24|cache_line:inst14|lpm_compare9:inst42|lpm_compare:lpm_compare_component" CBX_FILE_NAME="cmpr_i8j.tdf"/>
		<CBX_INST_ENTRY INSTANCE_NAME="|Main|Cache:inst1|cache_mem:inst24|cache_line:inst16|lpm_compare18:inst13|lpm_compare:lpm_compare_component" CBX_FILE_NAME="cmpr_i8j.tdf"/>
		<CBX_INST_ENTRY INSTANCE_NAME="|Main|Cache:inst1|cache_mem:inst24|cache_line:inst18|lpm_compare11:inst45|lpm_compare:lpm_compare_component" CBX_FILE_NAME="cmpr_i8j.tdf"/>
		<CBX_INST_ENTRY INSTANCE_NAME="|Main|Cache:inst1|cache_mem:inst24|lpm_compare0:inst21|lpm_compare:lpm_compare_component" CBX_FILE_NAME="cmpr_dig.tdf"/>
		<CBX_INST_ENTRY INSTANCE_NAME="|Main|Cache:inst1|cache_mem:inst24|cache_line:inst11|lpm_compare23:inst77|lpm_compare:lpm_compare_component" CBX_FILE_NAME="cmpr_i8j.tdf"/>
		<CBX_INST_ENTRY INSTANCE_NAME="|Main|Cache:inst1|cache_mem:inst24|cache_line:inst16|lpm_compare6:inst35|lpm_compare:lpm_compare_component" CBX_FILE_NAME="cmpr_i8j.tdf"/>
		<CBX_INST_ENTRY INSTANCE_NAME="|Main|Cache:inst1|cache_mem:inst24|cache_line:inst16|lpm_mux1:inst31|lpm_mux:lpm_mux_component" CBX_FILE_NAME="mux_npc.tdf"/>
		<CBX_INST_ENTRY INSTANCE_NAME="|Main|Cache:inst1|cache_mem:inst24|cache_line:inst11|lpm_compare19:inst73|lpm_compare:lpm_compare_component" CBX_FILE_NAME="cmpr_i8j.tdf"/>
		<CBX_INST_ENTRY INSTANCE_NAME="|Main|Cache:inst1|cache_mem:inst24|cache_line:inst11|lpm_compare1:inst12|lpm_compare:lpm_compare_component" CBX_FILE_NAME="cmpr_dig.tdf"/>
		<CBX_INST_ENTRY INSTANCE_NAME="|Main|Cache:inst1|cache_mem:inst24|cache_line:inst12|lpm_compare8:inst38|lpm_compare:lpm_compare_component" CBX_FILE_NAME="cmpr_i8j.tdf"/>
		<CBX_INST_ENTRY INSTANCE_NAME="|Main|Cache:inst1|cache_mem:inst24|cache_line:inst13|lpm_compare5:inst49|lpm_compare:lpm_compare_component" CBX_FILE_NAME="cmpr_mni.tdf"/>
		<CBX_INST_ENTRY INSTANCE_NAME="|Main|Cache:inst1|cache_mem:inst24|cache_line:inst16|lpm_compare9:inst42|lpm_compare:lpm_compare_component" CBX_FILE_NAME="cmpr_i8j.tdf"/>
		<CBX_INST_ENTRY INSTANCE_NAME="|Main|Cache:inst1|cache_mem:inst24|cache_line:inst18|lpm_compare20:inst74|lpm_compare:lpm_compare_component" CBX_FILE_NAME="cmpr_i8j.tdf"/>
		<CBX_INST_ENTRY INSTANCE_NAME="|Main|Cache:inst1|cache_mem:inst24|lpm_compare0:inst23|lpm_compare:lpm_compare_component" CBX_FILE_NAME="cmpr_dig.tdf"/>
		<CBX_INST_ENTRY INSTANCE_NAME="|Main|Cache:inst1|cache_mem:inst24|cache_line:inst17|lpm_compare12:inst48|lpm_compare:lpm_compare_component" CBX_FILE_NAME="cmpr_i8j.tdf"/>
		<CBX_INST_ENTRY INSTANCE_NAME="|Main|Cache:inst1|cache_mem:inst24|cache_line:inst17|lpm_compare21:inst75|lpm_compare:lpm_compare_component" CBX_FILE_NAME="cmpr_i8j.tdf"/>
		<CBX_INST_ENTRY INSTANCE_NAME="|Main|Cache:inst1|cache_mem:inst24|cache_line:inst18|lpm_compare6:inst35|lpm_compare:lpm_compare_component" CBX_FILE_NAME="cmpr_i8j.tdf"/>
		<CBX_INST_ENTRY INSTANCE_NAME="|Main|Cache:inst1|cache_mem:inst24|cache_line:inst18|lpm_mux1:inst31|lpm_mux:lpm_mux_component" CBX_FILE_NAME="mux_npc.tdf"/>
		<CBX_INST_ENTRY INSTANCE_NAME="|Main|Cache:inst1|cache_mem:inst24|cache_line:inst13|lpm_compare1:inst12|lpm_compare:lpm_compare_component" CBX_FILE_NAME="cmpr_dig.tdf"/>
		<CBX_INST_ENTRY INSTANCE_NAME="|Main|Cache:inst1|cache_mem:inst24|cache_line:inst14|lpm_compare8:inst38|lpm_compare:lpm_compare_component" CBX_FILE_NAME="cmpr_i8j.tdf"/>
		<CBX_INST_ENTRY INSTANCE_NAME="|Main|Cache:inst1|cache_mem:inst24|cache_line:inst15|lpm_compare5:inst49|lpm_compare:lpm_compare_component" CBX_FILE_NAME="cmpr_mni.tdf"/>
		<CBX_INST_ENTRY INSTANCE_NAME="|Main|Cache:inst1|cache_mem:inst24|cache_line:inst16|lpm_compare22:inst76|lpm_compare:lpm_compare_component" CBX_FILE_NAME="cmpr_i8j.tdf"/>
		<CBX_INST_ENTRY INSTANCE_NAME="|Main|Cache:inst1|cache_mem:inst24|cache_line:inst18|lpm_compare9:inst42|lpm_compare:lpm_compare_component" CBX_FILE_NAME="cmpr_i8j.tdf"/>
		<CBX_INST_ENTRY INSTANCE_NAME="|Main|Cache:inst1|cache_mem:inst24|lpm_compare0:inst25|lpm_compare:lpm_compare_component" CBX_FILE_NAME="cmpr_dig.tdf"/>
		<CBX_INST_ENTRY INSTANCE_NAME="|Main|Cache:inst1|cache_mem:inst24|lpm_constant4:inst73|lpm_constant:lpm_constant_component" CBX_FILE_NAME="lpm_constant_be6.tdf"/>
		<CBX_INST_ENTRY INSTANCE_NAME="|Main|Cache:inst1|cache_mem:inst24|cache_line:inst15|lpm_compare23:inst77|lpm_compare:lpm_compare_component" CBX_FILE_NAME="cmpr_i8j.tdf"/>
		<CBX_INST_ENTRY INSTANCE_NAME="|Main|Cache:inst1|cache_mem:inst24|lpm_counter7:inst51|lpm_counter:lpm_counter_component" CBX_FILE_NAME="cntr_hai.tdf"/>
		<CBX_INST_ENTRY INSTANCE_NAME="|Main|Cache:inst1|cache_mem:inst24|cache_line:inst14|lpm_compare10:inst40|lpm_compare:lpm_compare_component" CBX_FILE_NAME="cmpr_i8j.tdf"/>
		<CBX_INST_ENTRY INSTANCE_NAME="|Main|Cache:inst1|cache_mem:inst24|cache_line:inst14|lpm_compare24:inst78|lpm_compare:lpm_compare_component" CBX_FILE_NAME="cmpr_i8j.tdf"/>
		<CBX_INST_ENTRY INSTANCE_NAME="|Main|Cache:inst1|cache_mem:inst24|cache_line:inst15|lpm_compare19:inst73|lpm_compare:lpm_compare_component" CBX_FILE_NAME="cmpr_i8j.tdf"/>
		<CBX_INST_ENTRY INSTANCE_NAME="|Main|Cache:inst1|cache_mem:inst24|cache_line:inst15|lpm_compare1:inst12|lpm_compare:lpm_compare_component" CBX_FILE_NAME="cmpr_dig.tdf"/>
		<CBX_INST_ENTRY INSTANCE_NAME="|Main|Cache:inst1|cache_mem:inst24|cache_line:inst16|lpm_compare8:inst38|lpm_compare:lpm_compare_component" CBX_FILE_NAME="cmpr_i8j.tdf"/>
		<CBX_INST_ENTRY INSTANCE_NAME="|Main|Cache:inst1|cache_mem:inst24|cache_line:inst17|lpm_compare5:inst49|lpm_compare:lpm_compare_component" CBX_FILE_NAME="cmpr_mni.tdf"/>
		<CBX_INST_ENTRY INSTANCE_NAME="|Main|Cache:inst1|cache_mem:inst24|lpm_compare0:inst27|lpm_compare:lpm_compare_component" CBX_FILE_NAME="cmpr_dig.tdf"/>
		<CBX_INST_ENTRY INSTANCE_NAME="|Main|Cache:inst1|cache_mem:inst24|lpm_counter5:inst54|lpm_counter:lpm_counter_component" CBX_FILE_NAME="cntr_0oj.tdf"/>
		<CBX_INST_ENTRY INSTANCE_NAME="|Main|Cache:inst1|cache_mem:inst24|cache_line:inst13|lpm_compare25:inst79|lpm_compare:lpm_compare_component" CBX_FILE_NAME="cmpr_i8j.tdf"/>
		<CBX_INST_ENTRY INSTANCE_NAME="|Main|Cache:inst1|cache_mem:inst24|cache_line:inst17|lpm_compare1:inst12|lpm_compare:lpm_compare_component" CBX_FILE_NAME="cmpr_dig.tdf"/>
		<CBX_INST_ENTRY INSTANCE_NAME="|Main|Cache:inst1|cache_mem:inst24|cache_line:inst18|lpm_compare8:inst38|lpm_compare:lpm_compare_component" CBX_FILE_NAME="cmpr_i8j.tdf"/>
		<CBX_INST_ENTRY INSTANCE_NAME="|Main|Cache:inst1|cache_mem:inst24|lpm_compare0:inst29|lpm_compare:lpm_compare_component" CBX_FILE_NAME="cmpr_dig.tdf"/>
		<CBX_INST_ENTRY INSTANCE_NAME="|Main|Cache:inst1|lpm_compare0:inst8|lpm_compare:lpm_compare_component" CBX_FILE_NAME="cmpr_dig.tdf"/>
		<CBX_INST_ENTRY INSTANCE_NAME="|Main|Cache:inst1|cache_mem:inst24|cache_line:inst18|lpm_compare10:inst40|lpm_compare:lpm_compare_component" CBX_FILE_NAME="cmpr_i8j.tdf"/>
		<CBX_INST_ENTRY INSTANCE_NAME="|Main|Cache:inst1|cache_mem:inst24|cache_line:inst18|lpm_compare24:inst78|lpm_compare:lpm_compare_component" CBX_FILE_NAME="cmpr_i8j.tdf"/>
		<CBX_INST_ENTRY INSTANCE_NAME="|Main|Cache:inst1|lpm_counter11:inst48|lpm_counter:lpm_counter_component" CBX_FILE_NAME="cntr_aoi.tdf"/>
		<CBX_INST_ENTRY INSTANCE_NAME="|Main|Cache:inst1|cache_mem:inst24|cache_line:inst11|lpm_compare18:inst13|lpm_compare:lpm_compare_component" CBX_FILE_NAME="cmpr_i8j.tdf"/>
		<CBX_INST_ENTRY INSTANCE_NAME="|Main|Cache:inst1|cache_mem:inst24|cache_line:inst13|lpm_compare11:inst45|lpm_compare:lpm_compare_component" CBX_FILE_NAME="cmpr_i8j.tdf"/>
		<CBX_INST_ENTRY INSTANCE_NAME="|Main|Cache:inst1|cache_mem:inst24|cache_line:inst17|lpm_compare25:inst79|lpm_compare:lpm_compare_component" CBX_FILE_NAME="cmpr_i8j.tdf"/>
		<CBX_INST_ENTRY INSTANCE_NAME="|Main|Cache:inst1|cache_mem:inst24|cache_line:inst13|lpm_compare20:inst74|lpm_compare:lpm_compare_component" CBX_FILE_NAME="cmpr_i8j.tdf"/>
		<CBX_INST_ENTRY INSTANCE_NAME="|Main|Cache:inst1|cache_mem:inst24|cache_line:inst14|lpm_compare13:inst53|lpm_compare:lpm_compare_component" CBX_FILE_NAME="cmpr_dig.tdf"/>
		<CBX_INST_ENTRY INSTANCE_NAME="|Main|Cache:inst1|cache_mem:inst24|lpm_constant8:inst78|lpm_constant:lpm_constant_component" CBX_FILE_NAME="lpm_constant_7e6.tdf"/>
		<CBX_INST_ENTRY INSTANCE_NAME="|Main|Cache:inst1|cache_mem:inst24|cache_line:inst12|lpm_compare12:inst48|lpm_compare:lpm_compare_component" CBX_FILE_NAME="cmpr_i8j.tdf"/>
		<CBX_INST_ENTRY INSTANCE_NAME="|Main|Cache:inst1|cache_mem:inst24|cache_line:inst12|lpm_compare21:inst75|lpm_compare:lpm_compare_component" CBX_FILE_NAME="cmpr_i8j.tdf"/>
		<CBX_INST_ENTRY INSTANCE_NAME="|Main|Cache:inst1|cache_mem:inst24|cache_line:inst11|lpm_compare22:inst76|lpm_compare:lpm_compare_component" CBX_FILE_NAME="cmpr_i8j.tdf"/>
		<CBX_INST_ENTRY INSTANCE_NAME="|Main|Cache:inst1|cache_mem:inst24|cache_line:inst15|lpm_compare18:inst13|lpm_compare:lpm_compare_component" CBX_FILE_NAME="cmpr_i8j.tdf"/>
		<CBX_INST_ENTRY INSTANCE_NAME="|Main|Cache:inst1|cache_mem:inst24|cache_line:inst17|lpm_compare11:inst45|lpm_compare:lpm_compare_component" CBX_FILE_NAME="cmpr_i8j.tdf"/>
		<CBX_INST_ENTRY INSTANCE_NAME="|Main|Cache:inst1|cache_mem:inst24|lpm_compare24:inst84|lpm_compare:lpm_compare_component" CBX_FILE_NAME="cmpr_i8j.tdf"/>
		<CBX_INST_ENTRY INSTANCE_NAME="|Main|Cache:inst1|cache_mem:inst24|cache_line:inst12|lpm_compare7:inst37|lpm_compare:lpm_compare_component" CBX_FILE_NAME="cmpr_i8j.tdf"/>
		<CBX_INST_ENTRY INSTANCE_NAME="|Main|Cache:inst1|cache_mem:inst24|cache_line:inst17|lpm_compare20:inst74|lpm_compare:lpm_compare_component" CBX_FILE_NAME="cmpr_i8j.tdf"/>
		<CBX_INST_ENTRY INSTANCE_NAME="|Main|Cache:inst1|cache_mem:inst24|cache_line:inst18|lpm_compare13:inst53|lpm_compare:lpm_compare_component" CBX_FILE_NAME="cmpr_dig.tdf"/>
		<CBX_INST_ENTRY INSTANCE_NAME="|Main|Cache:inst1|cache_mem:inst24|lpm_compare24:inst86|lpm_compare:lpm_compare_component" CBX_FILE_NAME="cmpr_i8j.tdf"/>
		<CBX_INST_ENTRY INSTANCE_NAME="|Main|Cache:inst1|cache_mem:inst24|lpm_constant1:inst55|lpm_constant:lpm_constant_component" CBX_FILE_NAME="lpm_constant_ee6.tdf"/>
		<CBX_INST_ENTRY INSTANCE_NAME="|Main|Cache:inst1|cache_mem:inst24|cache_line:inst14|lpm_compare7:inst37|lpm_compare:lpm_compare_component" CBX_FILE_NAME="cmpr_i8j.tdf"/>
		<CBX_INST_ENTRY INSTANCE_NAME="|Main|Cache:inst1|cache_mem:inst24|cache_line:inst16|lpm_compare12:inst48|lpm_compare:lpm_compare_component" CBX_FILE_NAME="cmpr_i8j.tdf"/>
		<CBX_INST_ENTRY INSTANCE_NAME="|Main|Cache:inst1|cache_mem:inst24|cache_line:inst16|lpm_compare21:inst75|lpm_compare:lpm_compare_component" CBX_FILE_NAME="cmpr_i8j.tdf"/>
		<CBX_INST_ENTRY INSTANCE_NAME="|Main|Cache:inst1|cache_mem:inst24|lpm_constant3:inst72|lpm_constant:lpm_constant_component" CBX_FILE_NAME="lpm_constant_ce6.tdf"/>
	</PROJECT>
</LOG_ROOT>
