<?xml version="1.0" ?>
<LOG_ROOT>
	<PROJECT NAME="Generator">
		<CBX_INST_ENTRY INSTANCE_NAME="|Generator|Block1:inst|lpm_compare0:inst|lpm_compare:lpm_compare_component" CBX_FILE_NAME="cmpr_p8j.tdf"/>
		<CBX_INST_ENTRY INSTANCE_NAME="|Generator|Block1:inst|lpm_compare11:inst2|lpm_compare:lpm_compare_component" CBX_FILE_NAME="cmpr_i8j.tdf"/>
		<CBX_INST_ENTRY INSTANCE_NAME="|Generator|Block1:inst|lpm_counter0:inst1|lpm_counter:lpm_counter_component" CBX_FILE_NAME="cntr_s3i.tdf"/>
		<CBX_INST_ENTRY INSTANCE_NAME="|Generator|Block2:inst1|lpm_compare12:inst3|lpm_compare:lpm_compare_component" CBX_FILE_NAME="cmpr_p8j.tdf"/>
		<CBX_INST_ENTRY INSTANCE_NAME="|Generator|Block2:inst1|lpm_compare1:inst23|lpm_compare:lpm_compare_component" CBX_FILE_NAME="cmpr_i8j.tdf"/>
		<CBX_INST_ENTRY INSTANCE_NAME="|Generator|Block2:inst1|lpm_counter0:inst|lpm_counter:lpm_counter_component" CBX_FILE_NAME="cntr_s3i.tdf"/>
		<CBX_INST_ENTRY INSTANCE_NAME="|Generator|Block3:inst2|lpm_counter7:inst3|lpm_counter:lpm_counter_component" CBX_FILE_NAME="cntr_qlh.tdf"/>
		<CBX_INST_ENTRY INSTANCE_NAME="|Generator|Block3:inst2|lpm_decode1:inst1|lpm_decode:lpm_decode_component" CBX_FILE_NAME="decode_e9f.tdf"/>
		<CBX_INST_ENTRY INSTANCE_NAME="|Generator|Block2:inst1|lpm_counter0:inst54|lpm_counter:lpm_counter_component" CBX_FILE_NAME="cntr_s3i.tdf"/>
	</PROJECT>
</LOG_ROOT>
